{
	"class_name" : "PinholeCameraParameters",
	"extrinsic" : 
	[
		0.99363696704193405,
		-0.10982467268239213,
		0.024982373744540862,
		0.0,
		0.097398512621766228,
		0.94924453298202793,
		0.29907916400645396,
		0.0,
		-0.056560652991051438,
		-0.2947428673843307,
		0.95390121850183673,
		0.0,
		1.4210854715202004e-14,
		5.6843418860808015e-14,
		1385.6406460551023,
		1.0
	],
	"intrinsic" : 
	{
		"height" : 1015,
		"intrinsic_matrix" : 
		[
			879.01578484120523,
			0.0,
			0.0,
			0.0,
			879.01578484120523,
			0.0,
			959.5,
			507.0,
			1.0
		],
		"width" : 1920
	},
	"version_major" : 1,
	"version_minor" : 0
}