{
	"class_name" : "PinholeCameraParameters",
	"extrinsic" : 
	[
		0.99592480042524945,
		0.0084509210349239527,
		0.089790722413781138,
		0.0,
		0.0036160573734825953,
		-0.99854126211174798,
		0.053872738832818998,
		0.0,
		0.090115015546793867,
		-0.053328508266582163,
		-0.99450256620034028,
		0.0,
		-4.9354253166450155,
		49.458198928816955,
		48.6812606301906,
		1.0
	],
	"intrinsic" : 
	{
		"height" : 1016,
		"intrinsic_matrix" : 
		[
			879.88181024498977,
			0.0,
			0.0,
			0.0,
			879.88181024498977,
			0.0,
			924.5,
			507.5,
			1.0
		],
		"width" : 1850
	},
	"version_major" : 1,
	"version_minor" : 0
}