{
	"class_name" : "PinholeCameraParameters",
	"extrinsic" : 
	[
		0.99599374241220773,
		0.0003180786987211099,
		0.08942239038219825,
		0.0,
		-0.0047470579932653032,
		-0.99839558685624741,
		0.056424441391813678,
		0.0,
		0.089296867336617236,
		-0.056622883818391492,
		-0.99439424702275692,
		0.0,
		-5.7168970684084854,
		41.220933305106719,
		72.064310379607321,
		1.0
	],
	"intrinsic" : 
	{
		"height" : 1080,
		"intrinsic_matrix" : 
		[
			935.30743608719399,
			0.0,
			0.0,
			0.0,
			935.30743608719399,
			0.0,
			959.5,
			539.5,
			1.0
		],
		"width" : 1920
	},
	"version_major" : 1,
	"version_minor" : 0
}