{
	"class_name" : "PinholeCameraParameters",
	"extrinsic" : 
	[
		0.99317423398711924,
		0.02508535057252333,
		0.11391078145089087,
		0.0,
		-0.10784919656924734,
		0.56945052423068465,
		0.81492002751973558,
		0.0,
		-0.044423999633833811,
		-0.8216427603527291,
		0.56826902310127814,
		0.0,
		54.74594002563159,
		2300.3811460605602,
		3837.548721022923,
		1.0
	],
	"intrinsic" : 
	{
		"height" : 1080,
		"intrinsic_matrix" : 
		[
			935.30743608719399,
			0.0,
			0.0,
			0.0,
			935.30743608719399,
			0.0,
			959.5,
			539.5,
			1.0
		],
		"width" : 1920
	},
	"version_major" : 1,
	"version_minor" : 0
}