{
	"class_name" : "PinholeCameraParameters",
	"extrinsic" : 
	[
		0.99985510206029382,
		0.013376520594593959,
		-0.010528227808235698,
		0.0,
		-0.012790397390147685,
		0.99846459018202893,
		0.053896826318767681,
		0.0,
		0.011233014671129346,
		-0.053754356562196036,
		0.99849100573414418,
		0.0,
		6.949922746509821,
		560.11035122975579,
		691.01067604177877,
		1.0
	],
	"intrinsic" : 
	{
		"height" : 1080,
		"intrinsic_matrix" : 
		[
			935.30743608719399,
			0.0,
			0.0,
			0.0,
			935.30743608719399,
			0.0,
			959.5,
			539.5,
			1.0
		],
		"width" : 1920
	},
	"version_major" : 1,
	"version_minor" : 0
}